experiment_id,tree_id,age,mean_rld_cm_cm3,radial_distance_from_stem_m,soil_depth_m,soil_depth_sum_m,rld,fine_roots_weight_kg_per_plant,medium_roots_weight_kg_per_plant,large_roots_weight_kg_per_plant,total_root_to_1m__kg_per_plant,total_toots__kg_per_plant,year,row_location
A,1,1.5,0.07,0.109717868,-0.1,1,0<RLD<0.5,0.16,0.71,0.28,1.15,1.15,,
A,1,1.5,0.07,0.104702194,-0.165217391,1,0<RLD<0.5,0.16,0.71,0.28,1.15,1.15,,
A,1,1.5,0.07,0.109717868,-0.269565217,1,0<RLD<0.5,0.16,0.71,0.28,1.15,1.15,,
A,1,1.5,0.07,0.094670846,-0.491304348,1,0<RLD<0.5,0.16,0.71,0.28,1.15,1.15,,
A,1,1.5,0.07,0.104702194,-0.595652174,1,0<RLD<0.5,0.16,0.71,0.28,1.15,1.15,,
A,1,1.5,0.07,0.084639498,-0.7,1,0<RLD<0.5,0.16,0.71,0.28,1.15,1.15,,
A,1,1.5,0.07,0.094670846,-0.765217391,1,0<RLD<0.5,0.16,0.71,0.28,1.15,1.15,,
A,1,1.5,0.07,0.154858934,-0.073913043,1,0<RLD<0.5,0.16,0.71,0.28,1.15,1.15,,
A,1,1.5,0.07,0.154858934,-0.230434783,1,0<RLD<0.5,0.16,0.71,0.28,1.15,1.15,,
A,1,1.5,0.07,0.159874608,-0.386956522,1,0<RLD<0.5,0.16,0.71,0.28,1.15,1.15,,
A,1,1.5,0.07,0.255172414,-0.1,1,0<RLD<0.5,0.16,0.71,0.28,1.15,1.15,,
A,1,1.5,0.07,0.245141066,-0.243478261,1,0<RLD<0.5,0.16,0.71,0.28,1.15,1.15,,
A,1,1.5,0.07,0.245141066,-0.334782609,1,0<RLD<0.5,0.16,0.71,0.28,1.15,1.15,,
A,1,1.5,0.07,0.410658307,-0.256521739,1,0<RLD<0.5,0.16,0.71,0.28,1.15,1.15,,
A,1,1.5,0.07,0.395611285,-0.386956522,1,0<RLD<0.5,0.16,0.71,0.28,1.15,1.15,,
A,1,1.5,0.07,0.395611285,-0.543478261,1,0<RLD<0.5,0.16,0.71,0.28,1.15,1.15,,
A,1,1.5,0.07,0.405642633,-0.62173913,1,0<RLD<0.5,0.16,0.71,0.28,1.15,1.15,,
A,1,1.5,0.07,0.450783699,-0.386956522,1,0<RLD<0.5,0.16,0.71,0.28,1.15,1.15,,
A,1,1.5,0.07,0.500940439,-0.334782609,1,0<RLD<0.5,0.16,0.71,0.28,1.15,1.15,,
A,1,1.5,0.07,0.561128527,-0.243478261,1,0<RLD<0.5,0.16,0.71,0.28,1.15,1.15,,
A,1,1.5,0.07,0.561128527,-0.360869565,1,0<RLD<0.5,0.16,0.71,0.28,1.15,1.15,,
A,1,1.5,0.07,0.601253918,-0.439130435,1,0<RLD<0.5,0.16,0.71,0.28,1.15,1.15,,
A,1,1.5,0.07,0.561128527,-0.752173913,1,0<RLD<0.5,0.16,0.71,0.28,1.15,1.15,,
A,1,1.5,0.07,0.601253918,-0.595652174,1,0<RLD<0.5,0.16,0.71,0.28,1.15,1.15,,
A,1,1.5,0.07,0.561128527,-0.647826087,1,0<RLD<0.5,0.16,0.71,0.28,1.15,1.15,,
A,1,1.5,0.07,0.611285266,-0.165217391,1,0<RLD<0.5,0.16,0.71,0.28,1.15,1.15,,
A,1,1.5,0.07,0.711598746,-0.139130435,1,0<RLD<0.5,0.16,0.71,0.28,1.15,1.15,,
A,1,1.5,0.07,0.71661442,-0.32173913,1,0<RLD<0.5,0.16,0.71,0.28,1.15,1.15,,
A,1,1.5,0.07,0.706583072,-0.452173913,1,0<RLD<0.5,0.16,0.71,0.28,1.15,1.15,,
A,1,1.5,0.07,0.711598746,-0.517391304,1,0<RLD<0.5,0.16,0.71,0.28,1.15,1.15,,
A,1,1.5,0.07,0.761755486,-0.191304348,1,0<RLD<0.5,0.16,0.71,0.28,1.15,1.15,,
A,1,1.5,0.07,0.756739812,-0.334782609,1,0<RLD<0.5,0.16,0.71,0.28,1.15,1.15,,
A,1,1.5,0.07,0.756739812,-0.439130435,1,0<RLD<0.5,0.16,0.71,0.28,1.15,1.15,,
A,1,1.5,0.07,0.796865204,-0.073913043,1,0<RLD<0.5,0.16,0.71,0.28,1.15,1.15,,
A,1,1.5,0.07,0.811912226,-0.360869565,1,0<RLD<0.5,0.16,0.71,0.28,1.15,1.15,,
A,1,1.5,0.07,0.806896552,-0.439130435,1,0<RLD<0.5,0.16,0.71,0.28,1.15,1.15,,
A,1,1.5,0.07,0.801880878,-0.595652174,1,0<RLD<0.5,0.16,0.71,0.28,1.15,1.15,,
A,1,1.5,0.07,0.71661442,-0.739130435,1,0<RLD<0.5,0.16,0.71,0.28,1.15,1.15,,
A,1,1.5,0.07,0.957366771,-0.660869565,1,0<RLD<0.5,0.16,0.71,0.28,1.15,1.15,,
A,1,1.5,0.07,0.957366771,-0.517391304,1,0<RLD<0.5,0.16,0.71,0.28,1.15,1.15,,
A,1,1.5,0.07,1.017554859,-0.139130435,1,0<RLD<0.5,0.16,0.71,0.28,1.15,1.15,,
A,1,1.5,0.07,1.002507837,-0.491304348,1,0<RLD<0.5,0.16,0.71,0.28,1.15,1.15,,
A,1,1.5,0.07,1.087774295,-0.4,1,0<RLD<0.5,0.16,0.71,0.28,1.15,1.15,,
A,1,1.5,0.07,1.203134796,-0.439130435,1,0<RLD<0.5,0.16,0.71,0.28,1.15,1.15,,
A,1,1.5,0.07,1.20815047,-0.504347826,1,0<RLD<0.5,0.16,0.71,0.28,1.15,1.15,,
A,1,1.5,0.07,1.203134796,-0.647826087,1,0<RLD<0.5,0.16,0.71,0.28,1.15,1.15,,
A,1,1.5,0.07,1.408777429,-0.4,1,0<RLD<0.5,0.16,0.71,0.28,1.15,1.15,,
A,1,1.5,0.07,1.539184953,-0.360869565,1,0<RLD<0.5,0.16,0.71,0.28,1.15,1.15,,
A,1,1.5,0.07,1.599373041,-0.465217391,1,0<RLD<0.5,0.16,0.71,0.28,1.15,1.15,,
A,1,1.5,0.07,1.669592476,-0.491304348,1,0<RLD<0.5,0.16,0.71,0.28,1.15,1.15,,
A,1,1.5,0.07,1.709717868,-0.282608696,1,0<RLD<0.5,0.16,0.71,0.28,1.15,1.15,,
A,1,1.5,0.07,1.810031348,-0.386956522,1,0<RLD<0.5,0.16,0.71,0.28,1.15,1.15,,
A,1,1.5,0.07,1.629467085,-0.908695652,1,0<RLD<0.5,0.16,0.71,0.28,1.15,1.15,,
A,1,1.5,0.07,1.569278997,-0.830434783,1,0<RLD<0.5,0.16,0.71,0.28,1.15,1.15,,
A,4,12,0.11,0.110320285,-1.087640449,1,0<RLD<0.5,0.2,5.4,18.4,26.1,26.1,,
A,4,12,0.11,0.110320285,-0.885393258,1,0<RLD<0.5,0.2,5.4,18.4,26.1,26.1,,
A,4,12,0.11,0.105338078,-1.950561798,1,0<RLD<0.5,0.2,5.4,18.4,26.1,26.1,,
A,4,12,0.11,0.309608541,-0.130337079,1,0<RLD<0.5,0.2,5.4,18.4,26.1,26.1,,
A,4,12,0.11,0.304626335,-0.292134831,1,0<RLD<0.5,0.2,5.4,18.4,26.1,26.1,,
A,4,12,0.11,0.309608541,-0.534831461,1,0<RLD<0.5,0.2,5.4,18.4,26.1,26.1,,
A,4,12,0.11,0.314590747,-0.750561798,1,0<RLD<0.5,0.2,5.4,18.4,26.1,26.1,,
A,4,12,0.11,0.304626335,-0.885393258,1,0<RLD<0.5,0.2,5.4,18.4,26.1,26.1,,
A,4,12,0.11,0.304626335,-1.168539326,1,0<RLD<0.5,0.2,5.4,18.4,26.1,26.1,,
A,4,12,0.11,0.304626335,-1.721348315,1,0<RLD<0.5,0.2,5.4,18.4,26.1,26.1,,
A,4,12,0.11,0.299644128,-1.937078652,1,0<RLD<0.5,0.2,5.4,18.4,26.1,26.1,,
A,4,12,0.11,0.598576512,-1.950561798,1,0<RLD<0.5,0.2,5.4,18.4,26.1,26.1,,
A,4,12,0.11,0.598576512,-1.6,1,0<RLD<0.5,0.2,5.4,18.4,26.1,26.1,,
A,4,12,0.11,0.598576512,-1.397752809,1,0<RLD<0.5,0.2,5.4,18.4,26.1,26.1,,
A,4,12,0.11,0.603558719,-0.71011236,1,0<RLD<0.5,0.2,5.4,18.4,26.1,26.1,,
A,4,12,0.11,0.598576512,-0.46741573,1,0<RLD<0.5,0.2,5.4,18.4,26.1,26.1,,
A,4,12,0.11,0.613523132,-0.305617978,1,0<RLD<0.5,0.2,5.4,18.4,26.1,26.1,,
A,4,12,0.11,0.598576512,-0.143820225,1,0<RLD<0.5,0.2,5.4,18.4,26.1,26.1,,
A,4,12,0.11,0.723131673,-0.08988764,1,0<RLD<0.5,0.2,5.4,18.4,26.1,26.1,,
A,4,12,0.11,0.703202847,-0.224719101,1,0<RLD<0.5,0.2,5.4,18.4,26.1,26.1,,
A,4,12,0.11,0.703202847,-0.453932584,1,0<RLD<0.5,0.2,5.4,18.4,26.1,26.1,,
A,4,12,0.11,0.71316726,-0.84494382,1,0<RLD<0.5,0.2,5.4,18.4,26.1,26.1,,
A,4,12,0.11,0.698220641,-1.15505618,1,0<RLD<0.5,0.2,5.4,18.4,26.1,26.1,,
A,4,12,0.11,0.708185053,-1.397752809,1,0<RLD<0.5,0.2,5.4,18.4,26.1,26.1,,
A,4,12,0.11,0.693238434,-1.519101124,1,0<RLD<0.5,0.2,5.4,18.4,26.1,26.1,,
A,4,12,0.11,0.897508897,-0.076404494,1,0<RLD<0.5,0.2,5.4,18.4,26.1,26.1,,
A,4,12,0.11,0.902491103,-0.143820225,1,0<RLD<0.5,0.2,5.4,18.4,26.1,26.1,,
A,4,12,0.11,0.897508897,-0.197752809,1,0<RLD<0.5,0.2,5.4,18.4,26.1,26.1,,
A,4,12,0.11,0.897508897,-0.521348315,1,0<RLD<0.5,0.2,5.4,18.4,26.1,26.1,,
A,4,12,0.11,0.897508897,-0.77752809,1,0<RLD<0.5,0.2,5.4,18.4,26.1,26.1,,
A,4,12,0.11,0.897508897,-1.114606742,1,0<RLD<0.5,0.2,5.4,18.4,26.1,26.1,,
A,4,12,0.11,0.902491103,-1.208988764,1,0<RLD<0.5,0.2,5.4,18.4,26.1,26.1,,
A,4,12,0.11,0.89252669,-1.438202247,1,0<RLD<0.5,0.2,5.4,18.4,26.1,26.1,,
A,4,12,0.11,0.902491103,-1.519101124,1,0<RLD<0.5,0.2,5.4,18.4,26.1,26.1,,
A,4,12,0.11,1.007117438,-1.950561798,1,0<RLD<0.5,0.2,5.4,18.4,26.1,26.1,,
A,4,12,0.11,1.007117438,-1.235955056,1,0<RLD<0.5,0.2,5.4,18.4,26.1,26.1,,
A,4,12,0.11,1.007117438,-0.764044944,1,0<RLD<0.5,0.2,5.4,18.4,26.1,26.1,,
A,4,12,0.11,1.007117438,-0.696629213,1,0<RLD<0.5,0.2,5.4,18.4,26.1,26.1,,
A,4,12,0.11,1.007117438,-0.359550562,1,0<RLD<0.5,0.2,5.4,18.4,26.1,26.1,,
A,4,12,0.11,1.007117438,-0.211235955,1,0<RLD<0.5,0.2,5.4,18.4,26.1,26.1,,
A,4,12,0.11,0.992170819,-0.103370787,1,0<RLD<0.5,0.2,5.4,18.4,26.1,26.1,,
A,4,12,0.11,1.306049822,-0.08988764,1,0<RLD<0.5,0.2,5.4,18.4,26.1,26.1,,
A,4,12,0.11,1.306049822,-0.642696629,1,0<RLD<0.5,0.2,5.4,18.4,26.1,26.1,,
A,4,12,0.11,1.296085409,-1.303370787,1,0<RLD<0.5,0.2,5.4,18.4,26.1,26.1,,
A,4,12,0.11,1.390747331,-1.653932584,1,0<RLD<0.5,0.2,5.4,18.4,26.1,26.1,,
A,4,12,0.11,1.390747331,-1.465168539,1,0<RLD<0.5,0.2,5.4,18.4,26.1,26.1,,
A,4,12,0.11,1.390747331,-1.22247191,1,0<RLD<0.5,0.2,5.4,18.4,26.1,26.1,,
A,4,12,0.11,1.395729537,-0.939325843,1,0<RLD<0.5,0.2,5.4,18.4,26.1,26.1,,
A,4,12,0.11,1.500355872,-0.184269663,1,0<RLD<0.5,0.2,5.4,18.4,26.1,26.1,,
A,4,12,0.11,1.490391459,-0.507865169,1,0<RLD<0.5,0.2,5.4,18.4,26.1,26.1,,
A,4,12,0.11,1.505338078,-0.696629213,1,0<RLD<0.5,0.2,5.4,18.4,26.1,26.1,,
A,4,12,0.11,1.490391459,-0.898876404,1,0<RLD<0.5,0.2,5.4,18.4,26.1,26.1,,
A,4,12,0.11,1.495373665,-1.249438202,1,0<RLD<0.5,0.2,5.4,18.4,26.1,26.1,,
A,4,12,0.11,1.6,-1.438202247,1,0<RLD<0.5,0.2,5.4,18.4,26.1,26.1,,
A,4,12,0.11,1.595017794,-1.815730337,1,0<RLD<0.5,0.2,5.4,18.4,26.1,26.1,,
A,4,12,0.11,1.604982206,-0.588764045,1,0<RLD<0.5,0.2,5.4,18.4,26.1,26.1,,
A,4,12,0.11,1.609964413,-0.4,1,0<RLD<0.5,0.2,5.4,18.4,26.1,26.1,,
A,4,12,0.11,1.609964413,-0.035955056,1,0<RLD<0.5,0.2,5.4,18.4,26.1,26.1,,
A,4,12,0.11,1.79430605,-0.143820225,1,0<RLD<0.5,0.2,5.4,18.4,26.1,26.1,,
A,4,12,0.11,1.799288256,-0.292134831,1,0<RLD<0.5,0.2,5.4,18.4,26.1,26.1,,
A,4,12,0.11,1.749466192,-0.4,1,0<RLD<0.5,0.2,5.4,18.4,26.1,26.1,,
A,4,12,0.11,1.789323843,-0.683146067,1,0<RLD<0.5,0.2,5.4,18.4,26.1,26.1,,
A,4,12,0.11,1.809252669,-0.952808989,1,0<RLD<0.5,0.2,5.4,18.4,26.1,26.1,,
A,4,12,0.11,1.789323843,-1.15505618,1,0<RLD<0.5,0.2,5.4,18.4,26.1,26.1,,
A,4,12,0.11,1.903914591,-1.262921348,1,0<RLD<0.5,0.2,5.4,18.4,26.1,26.1,,
A,4,12,0.11,1.893950178,-1.343820225,1,0<RLD<0.5,0.2,5.4,18.4,26.1,26.1,,
A,4,12,0.11,1.893950178,-1.883146067,1,0<RLD<0.5,0.2,5.4,18.4,26.1,26.1,,
A,4,12,0.11,1.898932384,-0.346067416,1,0<RLD<0.5,0.2,5.4,18.4,26.1,26.1,,
A,4,12,0.11,1.898932384,-0.46741573,1,0<RLD<0.5,0.2,5.4,18.4,26.1,26.1,,
A,4,12,0.11,1.898932384,-0.575280899,1,0<RLD<0.5,0.2,5.4,18.4,26.1,26.1,,
A,4,12,0.11,1.888967972,-0.898876404,1,0<RLD<0.5,0.2,5.4,18.4,26.1,26.1,,
A,4,12,0.11,1.898932384,-0.979775281,1,0<RLD<0.5,0.2,5.4,18.4,26.1,26.1,,
A,5,14,0.19,0.112225705,-0.296774194,1.6,0<RLD<0.5,3.84,4.5,22.12,25.32,30.45,,
A,5,14,0.19,0.160501567,-0.348387097,1.6,0<RLD<0.5,3.84,4.5,22.12,25.32,30.45,,
A,5,14,0.19,0.160501567,-0.206451613,1.6,0<RLD<0.5,3.84,4.5,22.12,25.32,30.45,,
A,5,14,0.19,0.156112853,-0.103225806,1.6,0<RLD<0.5,3.84,4.5,22.12,25.32,30.45,,
A,5,14,0.19,0.112225705,-0.670967742,1.6,0<RLD<0.5,3.84,4.5,22.12,25.32,30.45,,
A,5,14,0.19,0.156112853,-0.812903226,1.6,0<RLD<0.5,3.84,4.5,22.12,25.32,30.45,,
A,5,14,0.19,0.11661442,-1.483870968,1.6,0<RLD<0.5,3.84,4.5,22.12,25.32,30.45,,
A,5,14,0.19,0.160501567,-1.432258065,1.6,0<RLD<0.5,3.84,4.5,22.12,25.32,30.45,,
A,5,14,0.19,0.287774295,-0.090322581,1.6,0<RLD<0.5,3.84,4.5,22.12,25.32,30.45,,
A,5,14,0.19,0.28338558,-0.193548387,1.6,0<RLD<0.5,3.84,4.5,22.12,25.32,30.45,,
A,5,14,0.19,0.296551724,-0.464516129,1.6,0<RLD<0.5,3.84,4.5,22.12,25.32,30.45,,
A,5,14,0.19,0.287774295,-0.632258065,1.6,0<RLD<0.5,3.84,4.5,22.12,25.32,30.45,,
A,5,14,0.19,0.28338558,-0.722580645,1.6,0<RLD<0.5,3.84,4.5,22.12,25.32,30.45,,
A,5,14,0.19,0.287774295,-0.929032258,1.6,0<RLD<0.5,3.84,4.5,22.12,25.32,30.45,,
A,5,14,0.19,0.292163009,-1.083870968,1.6,0<RLD<0.5,3.84,4.5,22.12,25.32,30.45,,
A,5,14,0.19,0.287774295,-1.238709677,1.6,0<RLD<0.5,3.84,4.5,22.12,25.32,30.45,,
A,5,14,0.19,0.287774295,-1.470967742,1.6,0<RLD<0.5,3.84,4.5,22.12,25.32,30.45,,
A,5,14,0.19,0.375548589,-1.6,1.6,0<RLD<0.5,3.84,4.5,22.12,25.32,30.45,,
A,5,14,0.19,0.375548589,-0.838709677,1.6,0<RLD<0.5,3.84,4.5,22.12,25.32,30.45,,
A,5,14,0.19,0.379937304,-0.387096774,1.6,0<RLD<0.5,3.84,4.5,22.12,25.32,30.45,,
A,5,14,0.19,0.371159875,-0.283870968,1.6,0<RLD<0.5,3.84,4.5,22.12,25.32,30.45,,
A,5,14,0.19,0.559874608,-0.103225806,1.6,0<RLD<0.5,3.84,4.5,22.12,25.32,30.45,,
A,5,14,0.19,0.555485893,-0.193548387,1.6,0<RLD<0.5,3.84,4.5,22.12,25.32,30.45,,
A,5,14,0.19,0.546708464,-0.361290323,1.6,0<RLD<0.5,3.84,4.5,22.12,25.32,30.45,,
A,5,14,0.19,0.555485893,-0.55483871,1.6,0<RLD<0.5,3.84,4.5,22.12,25.32,30.45,,
A,5,14,0.19,0.546708464,-0.787096774,1.6,0<RLD<0.5,3.84,4.5,22.12,25.32,30.45,,
A,5,14,0.19,0.551097179,-0.941935484,1.6,0<RLD<0.5,3.84,4.5,22.12,25.32,30.45,,
A,5,14,0.19,0.546708464,-1.135483871,1.6,0<RLD<0.5,3.84,4.5,22.12,25.32,30.45,,
A,5,14,0.19,0.551097179,-1.303225806,1.6,0<RLD<0.5,3.84,4.5,22.12,25.32,30.45,,
A,5,14,0.19,0.551097179,-1.587096774,1.6,0<RLD<0.5,3.84,4.5,22.12,25.32,30.45,,
A,5,14,0.19,0.638871473,-0.103225806,1.6,0<RLD<0.5,3.84,4.5,22.12,25.32,30.45,,
A,5,14,0.19,0.638871473,-0.361290323,1.6,0<RLD<0.5,3.84,4.5,22.12,25.32,30.45,,
A,5,14,0.19,0.647648903,-0.490322581,1.6,0<RLD<0.5,3.84,4.5,22.12,25.32,30.45,,
A,5,14,0.19,0.643260188,-0.735483871,1.6,0<RLD<0.5,3.84,4.5,22.12,25.32,30.45,,
A,5,14,0.19,0.638871473,-0.838709677,1.6,0<RLD<0.5,3.84,4.5,22.12,25.32,30.45,,
A,5,14,0.19,0.638871473,-1.135483871,1.6,0<RLD<0.5,3.84,4.5,22.12,25.32,30.45,,
A,5,14,0.19,0.643260188,-1.329032258,1.6,0<RLD<0.5,3.84,4.5,22.12,25.32,30.45,,
A,5,14,0.19,0.638871473,-1.496774194,1.6,0<RLD<0.5,3.84,4.5,22.12,25.32,30.45,,
A,5,14,0.19,0.643260188,-1.587096774,1.6,0<RLD<0.5,3.84,4.5,22.12,25.32,30.45,,
A,5,14,0.19,0.902194357,-0.103225806,1.6,0<RLD<0.5,3.84,4.5,22.12,25.32,30.45,,
A,5,14,0.19,0.897805643,-0.283870968,1.6,0<RLD<0.5,3.84,4.5,22.12,25.32,30.45,,
A,5,14,0.19,0.902194357,-0.451612903,1.6,0<RLD<0.5,3.84,4.5,22.12,25.32,30.45,,
A,5,14,0.19,0.915360502,-0.503225806,1.6,0<RLD<0.5,3.84,4.5,22.12,25.32,30.45,,
A,5,14,0.19,0.906583072,-0.658064516,1.6,0<RLD<0.5,3.84,4.5,22.12,25.32,30.45,,
A,5,14,0.19,0.902194357,-0.838709677,1.6,0<RLD<0.5,3.84,4.5,22.12,25.32,30.45,,
A,5,14,0.19,0.906583072,-0.903225806,1.6,0<RLD<0.5,3.84,4.5,22.12,25.32,30.45,,
A,5,14,0.19,0.902194357,-1.135483871,1.6,0<RLD<0.5,3.84,4.5,22.12,25.32,30.45,,
A,5,14,0.19,0.985579937,-0.141935484,1.6,0<RLD<0.5,3.84,4.5,22.12,25.32,30.45,,
A,5,14,0.19,0.985579937,-0.206451613,1.6,0<RLD<0.5,3.84,4.5,22.12,25.32,30.45,,
A,5,14,0.19,0.989968652,-0.451612903,1.6,0<RLD<0.5,3.84,4.5,22.12,25.32,30.45,,
A,5,14,0.19,0.989968652,-0.55483871,1.6,0<RLD<0.5,3.84,4.5,22.12,25.32,30.45,,
A,5,14,0.19,0.989968652,-0.683870968,1.6,0<RLD<0.5,3.84,4.5,22.12,25.32,30.45,,
A,5,14,0.19,0.989968652,-0.864516129,1.6,0<RLD<0.5,3.84,4.5,22.12,25.32,30.45,,
A,5,14,0.19,0.989968652,-0.95483871,1.6,0<RLD<0.5,3.84,4.5,22.12,25.32,30.45,,
A,5,14,0.19,0.985579937,-1.174193548,1.6,0<RLD<0.5,3.84,4.5,22.12,25.32,30.45,,
A,5,14,0.19,0.985579937,-1.290322581,1.6,0<RLD<0.5,3.84,4.5,22.12,25.32,30.45,,
A,5,14,0.19,0.985579937,-1.432258065,1.6,0<RLD<0.5,3.84,4.5,22.12,25.32,30.45,,
A,5,14,0.19,1.077742947,-0.15483871,1.6,0<RLD<0.5,3.84,4.5,22.12,25.32,30.45,,
A,5,14,0.19,1.073354232,-0.4,1.6,0<RLD<0.5,3.84,4.5,22.12,25.32,30.45,,
A,5,14,0.19,1.068965517,-0.683870968,1.6,0<RLD<0.5,3.84,4.5,22.12,25.32,30.45,,
A,5,14,0.19,1.073354232,-1.406451613,1.6,0<RLD<0.5,3.84,4.5,22.12,25.32,30.45,,
A,5,14,0.19,1.165517241,-0.141935484,1.6,0<RLD<0.5,3.84,4.5,22.12,25.32,30.45,,
A,5,14,0.19,1.165517241,-0.232258065,1.6,0<RLD<0.5,3.84,4.5,22.12,25.32,30.45,,
A,5,14,0.19,1.161128527,-0.412903226,1.6,0<RLD<0.5,3.84,4.5,22.12,25.32,30.45,,
A,5,14,0.19,1.161128527,-0.529032258,1.6,0<RLD<0.5,3.84,4.5,22.12,25.32,30.45,,
A,5,14,0.19,1.161128527,-0.64516129,1.6,0<RLD<0.5,3.84,4.5,22.12,25.32,30.45,,
A,5,14,0.19,1.161128527,-0.903225806,1.6,0<RLD<0.5,3.84,4.5,22.12,25.32,30.45,,
A,5,14,0.19,1.165517241,-1.380645161,1.6,0<RLD<0.5,3.84,4.5,22.12,25.32,30.45,,
A,5,14,0.19,1.161128527,-1.44516129,1.6,0<RLD<0.5,3.84,4.5,22.12,25.32,30.45,,
A,5,14,0.19,1.169905956,-1.587096774,1.6,0<RLD<0.5,3.84,4.5,22.12,25.32,30.45,,
A,5,14,0.19,1.253291536,-0.116129032,1.6,0<RLD<0.5,3.84,4.5,22.12,25.32,30.45,,
A,5,14,0.19,1.248902821,-0.24516129,1.6,0<RLD<0.5,3.84,4.5,22.12,25.32,30.45,,
A,5,14,0.19,1.248902821,-0.322580645,1.6,0<RLD<0.5,3.84,4.5,22.12,25.32,30.45,,
A,5,14,0.19,1.248902821,-0.451612903,1.6,0<RLD<0.5,3.84,4.5,22.12,25.32,30.45,,
A,5,14,0.19,1.248902821,-0.632258065,1.6,0<RLD<0.5,3.84,4.5,22.12,25.32,30.45,,
A,5,14,0.19,1.248902821,-0.709677419,1.6,0<RLD<0.5,3.84,4.5,22.12,25.32,30.45,,
A,5,14,0.19,1.248902821,-0.8,1.6,0<RLD<0.5,3.84,4.5,22.12,25.32,30.45,,
A,5,14,0.19,1.248902821,-0.890322581,1.6,0<RLD<0.5,3.84,4.5,22.12,25.32,30.45,,
A,5,14,0.19,1.253291536,-1.148387097,1.6,0<RLD<0.5,3.84,4.5,22.12,25.32,30.45,,
A,5,14,0.19,1.248902821,-1.303225806,1.6,0<RLD<0.5,3.84,4.5,22.12,25.32,30.45,,
A,5,14,0.19,1.244514107,-1.432258065,1.6,0<RLD<0.5,3.84,4.5,22.12,25.32,30.45,,
A,5,14,0.19,1.248902821,-1.535483871,1.6,0<RLD<0.5,3.84,4.5,22.12,25.32,30.45,,
A,5,14,0.19,1.301567398,-0.090322581,1.6,0<RLD<0.5,3.84,4.5,22.12,25.32,30.45,,
A,5,14,0.19,1.297178683,-0.15483871,1.6,0<RLD<0.5,3.84,4.5,22.12,25.32,30.45,,
A,5,14,0.19,1.297178683,-0.580645161,1.6,0<RLD<0.5,3.84,4.5,22.12,25.32,30.45,,
A,5,14,0.19,1.292789969,-0.683870968,1.6,0<RLD<0.5,3.84,4.5,22.12,25.32,30.45,,
A,5,14,0.19,1.292789969,-1.212903226,1.6,0<RLD<0.5,3.84,4.5,22.12,25.32,30.45,,
A,5,14,0.19,1.305956113,-1.393548387,1.6,0<RLD<0.5,3.84,4.5,22.12,25.32,30.45,,
A,5,14,0.19,1.297178683,-1.483870968,1.6,0<RLD<0.5,3.84,4.5,22.12,25.32,30.45,,
A,5,14,0.19,1.34984326,-0.167741935,1.6,0<RLD<0.5,3.84,4.5,22.12,25.32,30.45,,
A,5,14,0.19,1.345454545,-0.412903226,1.6,0<RLD<0.5,3.84,4.5,22.12,25.32,30.45,,
A,5,14,0.19,1.336677116,-0.683870968,1.6,0<RLD<0.5,3.84,4.5,22.12,25.32,30.45,,
A,5,14,0.19,1.341065831,-0.851612903,1.6,0<RLD<0.5,3.84,4.5,22.12,25.32,30.45,,
A,5,14,0.19,1.327899687,-1.135483871,1.6,0<RLD<0.5,3.84,4.5,22.12,25.32,30.45,,
A,5,14,0.19,1.424451411,-0.167741935,1.6,0<RLD<0.5,3.84,4.5,22.12,25.32,30.45,,
A,5,14,0.19,1.43322884,-0.348387097,1.6,0<RLD<0.5,3.84,4.5,22.12,25.32,30.45,,
A,5,14,0.19,1.424451411,-0.490322581,1.6,0<RLD<0.5,3.84,4.5,22.12,25.32,30.45,,
A,5,14,0.19,1.420062696,-0.683870968,1.6,0<RLD<0.5,3.84,4.5,22.12,25.32,30.45,,
A,5,14,0.19,1.424451411,-1.070967742,1.6,0<RLD<0.5,3.84,4.5,22.12,25.32,30.45,,
A,5,14,0.19,1.424451411,-1.277419355,1.6,0<RLD<0.5,3.84,4.5,22.12,25.32,30.45,,
A,5,14,0.19,1.424451411,-1.35483871,1.6,0<RLD<0.5,3.84,4.5,22.12,25.32,30.45,,
A,5,14,0.19,1.428840125,-1.535483871,1.6,0<RLD<0.5,3.84,4.5,22.12,25.32,30.45,,
A,5,14,0.19,1.560501567,-0.348387097,1.6,0<RLD<0.5,3.84,4.5,22.12,25.32,30.45,,
A,5,14,0.19,1.564890282,-0.722580645,1.6,0<RLD<0.5,3.84,4.5,22.12,25.32,30.45,,
A,5,14,0.19,1.564890282,-0.8,1.6,0<RLD<0.5,3.84,4.5,22.12,25.32,30.45,,
A,5,14,0.19,1.604388715,-0.129032258,1.6,0<RLD<0.5,3.84,4.5,22.12,25.32,30.45,,
A,5,14,0.19,1.608777429,-0.348387097,1.6,0<RLD<0.5,3.84,4.5,22.12,25.32,30.45,,
A,5,14,0.19,1.6,-0.529032258,1.6,0<RLD<0.5,3.84,4.5,22.12,25.32,30.45,,
A,5,14,0.19,1.6,-0.709677419,1.6,0<RLD<0.5,3.84,4.5,22.12,25.32,30.45,,
A,5,14,0.19,1.604388715,-0.941935484,1.6,0<RLD<0.5,3.84,4.5,22.12,25.32,30.45,,
A,5,14,0.19,1.595611285,-1.2,1.6,0<RLD<0.5,3.84,4.5,22.12,25.32,30.45,,
A,5,14,0.19,1.604388715,-1.341935484,1.6,0<RLD<0.5,3.84,4.5,22.12,25.32,30.45,,
A,5,14,0.19,1.692163009,-0.296774194,1.6,0<RLD<0.5,3.84,4.5,22.12,25.32,30.45,,
A,5,14,0.19,1.692163009,-0.503225806,1.6,0<RLD<0.5,3.84,4.5,22.12,25.32,30.45,,
A,5,14,0.19,1.692163009,-0.709677419,1.6,0<RLD<0.5,3.84,4.5,22.12,25.32,30.45,,
A,5,14,0.19,1.687774295,-0.916129032,1.6,0<RLD<0.5,3.84,4.5,22.12,25.32,30.45,,
A,5,14,0.19,1.740438871,-0.15483871,1.6,0<RLD<0.5,3.84,4.5,22.12,25.32,30.45,,
A,5,14,0.19,1.744827586,-0.851612903,1.6,0<RLD<0.5,3.84,4.5,22.12,25.32,30.45,,
A,5,14,0.19,1.731661442,-1.2,1.6,0<RLD<0.5,3.84,4.5,22.12,25.32,30.45,,
A,5,14,0.19,1.736050157,-1.483870968,1.6,0<RLD<0.5,3.84,4.5,22.12,25.32,30.45,,
A,1,1.5,0.07,0.104702194,-0.386956522,1,RLD>0.5,0.16,0.71,0.28,1.15,1.15,,
A,1,1.5,0.07,0.355485893,-0.243478261,1,RLD>0.5,0.16,0.71,0.28,1.15,1.15,,
A,1,1.5,0.07,1.403761755,-0.673913043,1,RLD>0.5,0.16,0.71,0.28,1.15,1.15,,
A,1,1.5,0.07,0.962382445,-0.7,1,RLD>0.5,0.16,0.71,0.28,1.15,1.15,,
A,4,12,0.11,0.110320285,-0.076404494,1,RLD>0.5,0.2,5.4,18.4,26.1,26.1,,
A,4,12,0.11,0.105338078,-0.224719101,1,RLD>0.5,0.2,5.4,18.4,26.1,26.1,,
A,4,12,0.11,1.012099644,-0.979775281,1,RLD>0.5,0.2,5.4,18.4,26.1,26.1,,
A,4,12,0.11,1.749466192,-1.316853933,1,RLD>0.5,0.2,5.4,18.4,26.1,26.1,,
A,4,12,0.11,1.898932384,-0.750561798,1,RLD>0.5,0.2,5.4,18.4,26.1,26.1,,
A,4,12,0.11,1.789323843,-0.737078652,1,RLD>0.5,0.2,5.4,18.4,26.1,26.1,,
A,5,14,0.19,0.112225705,-1.290322581,1.6,RLD>0.5,3.84,4.5,22.12,25.32,30.45,,
A,5,14,0.19,0.11661442,-0.890322581,1.6,RLD>0.5,3.84,4.5,22.12,25.32,30.45,,
A,5,14,0.19,0.687147335,-0.141935484,1.6,RLD>0.5,3.84,4.5,22.12,25.32,30.45,,
A,5,14,0.19,1.336677116,-0.24516129,1.6,RLD>0.5,3.84,4.5,22.12,25.32,30.45,,
A,5,14,0.19,1.43322884,-0.722580645,1.6,RLD>0.5,3.84,4.5,22.12,25.32,30.45,,
A,5,14,0.19,1.692163009,-0.116129032,1.6,RLD>0.5,3.84,4.5,22.12,25.32,30.45,,
A,5,14,0.19,1.740438871,-0.309677419,1.6,RLD>0.5,3.84,4.5,22.12,25.32,30.45,,
B,1,5,,0.486666667,-0.444444444,,0<RLD<0.1,,,,,,1993,
B,1,5,,0.493333333,-0.606837607,,0<RLD<0.1,,,,,,1993,
B,1,5,,0.366666667,-0.606837607,,0<RLD<0.1,,,,,,1993,
B,1,5,,0.486666667,-0.905982906,,0<RLD<0.1,,,,,,1993,
B,1,5,,0.9,-0.914529915,,0<RLD<0.1,,,,,,1993,
B,1,5,,0.9,-0.752136752,,0<RLD<0.1,,,,,,1993,
B,1,5,,0.98,-0.401709402,,0<RLD<0.1,,,,,,1993,
B,1,5,,0.98,-0.316239316,,0<RLD<0.1,,,,,,1993,
B,1,5,,1.126666667,-0.196581197,,0<RLD<0.1,,,,,,1993,
B,1,5,,1.16,-0.264957265,,0<RLD<0.1,,,,,,1993,
B,1,5,,1.386666667,-0.367521368,,0<RLD<0.1,,,,,,1993,
B,1,5,,1.48,-0.256410256,,0<RLD<0.1,,,,,,1993,
B,1,5,,1.473333333,-0.461538462,,0<RLD<0.1,,,,,,1993,
B,1,5,,1.34,-0.64957265,,0<RLD<0.1,,,,,,1993,
B,1,5,,1.473333333,-0.854700855,,0<RLD<0.1,,,,,,1993,
B,1,5,,1.386666667,-0.897435897,,0<RLD<0.1,,,,,,1993,
B,1,5,,1.7,-0.615384615,,0<RLD<0.1,,,,,,1993,
B,1,5,,1.686666667,-0.47008547,,0<RLD<0.1,,,,,,1993,
B,1,5,,1.826666667,-0.162393162,,0<RLD<0.1,,,,,,1993,
B,1,5,,1.826666667,-0.316239316,,0<RLD<0.1,,,,,,1993,
B,1,5,,1.88,-0.307692308,,0<RLD<0.1,,,,,,1993,
B,1,5,,1.82,-0.504273504,,0<RLD<0.1,,,,,,1993,
B,1,5,,2.273333333,-0.153846154,,0<RLD<0.1,,,,,,1993,
B,1,5,,2.273333333,-0.555555556,,0<RLD<0.1,,,,,,1993,
B,1,5,,2.273333333,-0.743589744,,0<RLD<0.1,,,,,,1993,
B,2,5,,0.687265918,-0.112068966,,0<RLD<0.1,,,,,,1993,
B,2,5,,0.747191011,-0.112068966,,0<RLD<0.1,,,,,,1993,
B,2,5,,0.687265918,-0.370689655,,0<RLD<0.1,,,,,,1993,
B,2,5,,0.747191011,-0.474137931,,0<RLD<0.1,,,,,,1993,
B,2,5,,0.882022472,-0.103448276,,0<RLD<0.1,,,,,,1993,
B,2,5,,0.882022472,-0.206896552,,0<RLD<0.1,,,,,,1993,
B,2,5,,0.889513109,-0.405172414,,0<RLD<0.1,,,,,,1993,
B,2,5,,0.889513109,-0.577586207,,0<RLD<0.1,,,,,,1993,
B,2,5,,0.739700375,-0.663793103,,0<RLD<0.1,,,,,,1993,
B,2,5,,0.837078652,-0.672413793,,0<RLD<0.1,,,,,,1993,
B,2,5,,0.837078652,-0.818965517,,0<RLD<0.1,,,,,,1993,
B,2,5,,0.687265918,-0.922413793,,0<RLD<0.1,,,,,,1993,
B,2,5,,0.837078652,-0.974137931,,0<RLD<0.1,,,,,,1993,
B,2,5,,1.18164794,-0.370689655,,0<RLD<0.1,,,,,,1993,
B,2,5,,1.18164794,-0.568965517,,0<RLD<0.1,,,,,,1993,
B,2,5,,1.286516854,-0.706896552,,0<RLD<0.1,,,,,,1993,
B,2,5,,1.436329588,-0.465517241,,0<RLD<0.1,,,,,,1993,
B,2,5,,1.286516854,-0.103448276,,0<RLD<0.1,,,,,,1993,
B,2,5,,1.676029963,-0.267241379,,0<RLD<0.1,,,,,,1993,
B,2,5,,1.436329588,-0.870689655,,0<RLD<0.1,,,,,,1993,
B,2,5,,2.125468165,-0.267241379,,0<RLD<0.1,,,,,,1993,
B,2,5,,2.035580524,-0.715517241,,0<RLD<0.1,,,,,,1993,
B,2,5,,2.028089888,-0.922413793,,0<RLD<0.1,,,,,,1993,
B,2,5,,2.275280899,-0.663793103,,0<RLD<0.1,,,,,,1993,
B,2,5,,2.275280899,-0.75862069,,0<RLD<0.1,,,,,,1993,
B,3,5,,0.492509363,-0.905172414,,0<RLD<0.1,,,,,,1993,
B,3,5,,0.485018727,-0.698275862,,0<RLD<0.1,,,,,,1993,
B,3,5,,0.485018727,-0.49137931,,0<RLD<0.1,,,,,,1993,
B,3,5,,0.702247191,-0.077586207,,0<RLD<0.1,,,,,,1993,
B,3,5,,0.897003745,-0.137931034,,0<RLD<0.1,,,,,,1993,
B,3,5,,1.338951311,-0.301724138,,0<RLD<0.1,,,,,,1993,
B,3,5,,1.743445693,-0.189655172,,0<RLD<0.1,,,,,,1993,
B,3,5,,0.897003745,-0.534482759,,0<RLD<0.1,,,,,,1993,
B,3,5,,1.099250936,-0.793103448,,0<RLD<0.1,,,,,,1993,
B,3,5,,1.084269663,-0.956896552,,0<RLD<0.1,,,,,,1993,
B,3,5,,1.331460674,-0.905172414,,0<RLD<0.1,,,,,,1993,
B,3,5,,1.346441948,-0.75,,0<RLD<0.1,,,,,,1993,
B,3,5,,1.75093633,-0.905172414,,0<RLD<0.1,,,,,,1993,
B,3,5,,1.88576779,-0.948275862,,0<RLD<0.1,,,,,,1993,
B,4,5,,0.272727273,-0.347457627,,0<RLD<0.1,,,,,,1993,
B,4,5,,0.28030303,-0.5,,0<RLD<0.1,,,,,,1993,
B,4,5,,0.272727273,-0.703389831,,0<RLD<0.1,,,,,,1993,
B,4,5,,1.03030303,-0.110169492,,0<RLD<0.1,,,,,,1993,
B,4,5,,1.037878788,-0.398305085,,0<RLD<0.1,,,,,,1993,
B,4,5,,0.78030303,-0.754237288,,0<RLD<0.1,,,,,,1993,
B,4,5,,1.03030303,-0.813559322,,0<RLD<0.1,,,,,,1993,
B,4,5,,1.03030303,-0.949152542,,0<RLD<0.1,,,,,,1993,
B,4,5,,0.78030303,-0.355932203,,0<RLD<0.1,,,,,,1993,
B,4,5,,0.772727273,-0.550847458,,0<RLD<0.1,,,,,,1993,
B,4,5,,1.53030303,-0.152542373,,0<RLD<0.1,,,,,,1993,
B,4,5,,1.53030303,-0.508474576,,0<RLD<0.1,,,,,,1993,
B,4,5,,1.689393939,-0.449152542,,0<RLD<0.1,,,,,,1993,
B,4,5,,1.795454545,-0.305084746,,0<RLD<0.1,,,,,,1993,
B,5,5,,0.288679245,-0.568965517,,0<RLD<0.1,,,,,,1993,
B,5,5,,0.288679245,-0.706896552,,0<RLD<0.1,,,,,,1993,
B,5,5,,0.288679245,-0.870689655,,0<RLD<0.1,,,,,,1993,
B,5,5,,0.9,-0.103448276,,0<RLD<0.1,,,,,,1993,
B,5,5,,0.89245283,-0.25,,0<RLD<0.1,,,,,,1993,
B,5,5,,0.9,-0.413793103,,0<RLD<0.1,,,,,,1993,
B,5,5,,0.9,-0.75862069,,0<RLD<0.1,,,,,,1993,
B,5,5,,1.156603774,-0.913793103,,0<RLD<0.1,,,,,,1993,
B,5,5,,1.3,-0.50862069,,0<RLD<0.1,,,,,,1993,
B,5,5,,1.405660377,-0.456896552,,0<RLD<0.1,,,,,,1993,
B,5,5,,1.405660377,-0.603448276,,0<RLD<0.1,,,,,,1993,
B,5,5,,1.405660377,-0.922413793,,0<RLD<0.1,,,,,,1993,
B,5,5,,1.549056604,-0.353448276,,0<RLD<0.1,,,,,,1993,
B,5,5,,1.549056604,-0.456896552,,0<RLD<0.1,,,,,,1993,
B,5,5,,1.601886792,-0.5,,0<RLD<0.1,,,,,,1993,
B,5,5,,1.70754717,-0.155172414,,0<RLD<0.1,,,,,,1993,
B,5,5,,1.69245283,-0.353448276,,0<RLD<0.1,,,,,,1993,
B,5,5,,1.601886792,-0.698275862,,0<RLD<0.1,,,,,,1993,
B,5,5,,1.549056604,-0.706896552,,0<RLD<0.1,,,,,,1993,
B,5,5,,1.609433962,-0.922413793,,0<RLD<0.1,,,,,,1993,
B,5,5,,1.69245283,-0.793103448,,0<RLD<0.1,,,,,,1993,
B,5,5,,2.296226415,-0.75862069,,0<RLD<0.1,,,,,,1993,
B,5,5,,2.303773585,-0.560344828,,0<RLD<0.1,,,,,,1993,
B,5,5,,2.205660377,-0.465517241,,0<RLD<0.1,,,,,,1993,
B,5,5,,2.1,-0.474137931,,0<RLD<0.1,,,,,,1993,
B,5,5,,2.303773585,-0.353448276,,0<RLD<0.1,,,,,,1993,
B,5,5,,2.198113208,-0.25862069,,0<RLD<0.1,,,,,,1993,
B,5,5,,2.311320755,-0.155172414,,0<RLD<0.1,,,,,,1993,
B,5,5,,2.213207547,-0.103448276,,0<RLD<0.1,,,,,,1993,
B,5,5,,2.598113208,-0.362068966,,0<RLD<0.1,,,,,,1993,
B,5,5,,2.598113208,-0.870689655,,0<RLD<0.1,,,,,,1993,
B,5,5,,1.601886792,-0.318965517,,0<RLD<0.1,,,,,,1993,
B,5,6,,0.206766917,-0.521367521,,0<RLD<0.1,,,,,,1993,
B,5,6,,0.80075188,-0.111111111,,0<RLD<0.1,,,,,,1993,
B,5,6,,0.80075188,-0.222222222,,0<RLD<0.1,,,,,,1993,
B,5,6,,0.808270677,-0.752136752,,0<RLD<0.1,,,,,,1993,
B,5,6,,0.898496241,-0.760683761,,0<RLD<0.1,,,,,,1993,
B,5,6,,0.898496241,-0.358974359,,0<RLD<0.1,,,,,,1993,
B,5,6,,0.898496241,-0.461538462,,0<RLD<0.1,,,,,,1993,
B,5,6,,0.906015038,-0.170940171,,0<RLD<0.1,,,,,,1993,
B,5,6,,1.34962406,-0.111111111,,0<RLD<0.1,,,,,,1993,
B,5,6,,1.409774436,-0.111111111,,0<RLD<0.1,,,,,,1993,
B,5,6,,1.101503759,-0.452991453,,0<RLD<0.1,,,,,,1993,
B,5,6,,1.251879699,-0.358974359,,0<RLD<0.1,,,,,,1993,
B,5,6,,1.101503759,-0.863247863,,0<RLD<0.1,,,,,,1993,
B,5,6,,1.251879699,-0.965811966,,0<RLD<0.1,,,,,,1993,
B,5,6,,1.409774436,-0.658119658,,0<RLD<0.1,,,,,,1993,
B,5,6,,1.34962406,-0.427350427,,0<RLD<0.1,,,,,,1993,
B,5,6,,1.394736842,-0.418803419,,0<RLD<0.1,,,,,,1993,
B,5,6,,1.695488722,-0.153846154,,0<RLD<0.1,,,,,,1993,
B,5,6,,1.65037594,-0.358974359,,0<RLD<0.1,,,,,,1993,
B,5,6,,1.755639098,-0.452991453,,0<RLD<0.1,,,,,,1993,
B,5,6,,1.710526316,-0.555555556,,0<RLD<0.1,,,,,,1993,
B,5,6,,1.65037594,-0.709401709,,0<RLD<0.1,,,,,,1993,
B,5,6,,1.853383459,-0.666666667,,0<RLD<0.1,,,,,,1993,
B,5,6,,1.853383459,-0.863247863,,0<RLD<0.1,,,,,,1993,
B,5,6,,2.146616541,-0.41025641,,0<RLD<0.1,,,,,,1993,
B,5,6,,2.296992481,-0.307692308,,0<RLD<0.1,,,,,,1993,
B,5,6,,2.312030075,-0.512820513,,0<RLD<0.1,,,,,,1993,
B,5,6,,2.191729323,-0.658119658,,0<RLD<0.1,,,,,,1993,
B,5,6,,2.296992481,-0.931623932,,0<RLD<0.1,,,,,,1993,
B,5,6,,2.402255639,-0.863247863,,0<RLD<0.1,,,,,,1993,
B,5,7,,0.260299625,-0.401709402,,0<RLD<0.1,,,,,,1993,
B,5,7,,0.260299625,-0.538461538,,0<RLD<0.1,,,,,,1993,
B,5,7,,0.45505618,-0.606837607,,0<RLD<0.1,,,,,,1993,
B,5,7,,0.447565543,-0.401709402,,0<RLD<0.1,,,,,,1993,
B,5,7,,0.447565543,-0.196581197,,0<RLD<0.1,,,,,,1993,
B,5,7,,0.45505618,-0.811965812,,0<RLD<0.1,,,,,,1993,
B,5,7,,0.904494382,-0.435897436,,0<RLD<0.1,,,,,,1993,
B,5,7,,0.904494382,-0.692307692,,0<RLD<0.1,,,,,,1993,
B,5,7,,1.20411985,-0.145299145,,0<RLD<0.1,,,,,,1993,
B,5,7,,1.256554307,-0.230769231,,0<RLD<0.1,,,,,,1993,
B,5,7,,1.24906367,-0.435897436,,0<RLD<0.1,,,,,,1993,
B,5,7,,1.196629213,-0.743589744,,0<RLD<0.1,,,,,,1993,
B,5,7,,1.211610487,-0.948717949,,0<RLD<0.1,,,,,,1993,
B,5,7,,1.451310861,-0.094017094,,0<RLD<0.1,,,,,,1993,
B,5,7,,1.451310861,-0.846153846,,0<RLD<0.1,,,,,,1993,
B,5,7,,1.855805243,-0.35042735,,0<RLD<0.1,,,,,,1993,
B,5,7,,1.848314607,-0.547008547,,0<RLD<0.1,,,,,,1993,
B,5,7,,1.848314607,-0.846153846,,0<RLD<0.1,,,,,,1993,
B,5,8,,0.605263158,-0.949152542,,0<RLD<0.1,,,,,,1993,
B,5,8,,0.755639098,-0.254237288,,0<RLD<0.1,,,,,,1993,
B,5,8,,0.815789474,-0.652542373,,0<RLD<0.1,,,,,,1993,
B,5,8,,0.815789474,-0.906779661,,0<RLD<0.1,,,,,,1993,
B,5,8,,1.259398496,-0.101694915,,0<RLD<0.1,,,,,,1993,
B,5,8,,1.251879699,-0.203389831,,0<RLD<0.1,,,,,,1993,
B,5,8,,1.266917293,-0.449152542,,0<RLD<0.1,,,,,,1993,
B,5,8,,1.259398496,-0.644067797,,0<RLD<0.1,,,,,,1993,
B,5,8,,1.251879699,-0.847457627,,0<RLD<0.1,,,,,,1993,
B,5,8,,1.507518797,-0.101694915,,0<RLD<0.1,,,,,,1993,
B,5,8,,1.507518797,-0.347457627,,0<RLD<0.1,,,,,,1993,
B,5,8,,1.567669173,-0.703389831,,0<RLD<0.1,,,,,,1993,
B,5,8,,1.507518797,-0.754237288,,0<RLD<0.1,,,,,,1993,
B,5,8,,1.5,-0.838983051,,0<RLD<0.1,,,,,,1993,
B,5,8,,1.567669173,-0.898305085,,0<RLD<0.1,,,,,,1993,
B,5,8,,1.687969925,-0.898305085,,0<RLD<0.1,,,,,,1993,
B,5,8,,1.80075188,-0.940677966,,0<RLD<0.1,,,,,,1993,
B,5,8,,1.80075188,-0.805084746,,0<RLD<0.1,,,,,,1993,
B,5,8,,1.703007519,-0.711864407,,0<RLD<0.1,,,,,,1993,
B,5,8,,1.808270677,-0.406779661,,0<RLD<0.1,,,,,,1993,
B,1,5,,0.493333333,-0.299145299,,0.1<RLD<0.2,,,,,,1993,
B,1,5,,0.366666667,-0.504273504,,0.1<RLD<0.2,,,,,,1993,
B,1,5,,0.986666667,-0.145299145,,0.1<RLD<0.2,,,,,,1993,
B,1,5,,0.886666667,-0.256410256,,0.1<RLD<0.2,,,,,,1993,
B,1,5,,0.986666667,-0.64957265,,0.1<RLD<0.2,,,,,,1993,
B,1,5,,1.12,-0.521367521,,0.1<RLD<0.2,,,,,,1993,
B,1,5,,1.16,-0.504273504,,0.1<RLD<0.2,,,,,,1993,
B,1,5,,1.393333333,-0.564102564,,0.1<RLD<0.2,,,,,,1993,
B,1,5,,1.386666667,-0.153846154,,0.1<RLD<0.2,,,,,,1993,
B,1,5,,1.48,-0.102564103,,0.1<RLD<0.2,,,,,,1993,
B,1,5,,2.093333333,-0.461538462,,0.1<RLD<0.2,,,,,,1993,
B,1,5,,2.273333333,-0.948717949,,0.1<RLD<0.2,,,,,,1993,
B,2,5,,0.739700375,-0.206896552,,0.1<RLD<0.2,,,,,,1993,
B,2,5,,0.837078652,-0.163793103,,0.1<RLD<0.2,,,,,,1993,
B,2,5,,1.294007491,-0.25862069,,0.1<RLD<0.2,,,,,,1993,
B,2,5,,1.436329588,-0.163793103,,0.1<RLD<0.2,,,,,,1993,
B,2,5,,1.683520599,-0.129310345,,0.1<RLD<0.2,,,,,,1993,
B,2,5,,1.428838951,-0.974137931,,0.1<RLD<0.2,,,,,,1993,
B,3,5,,0.694756554,-0.344827586,,0.1<RLD<0.2,,,,,,1993,
B,3,5,,0.702247191,-0.24137931,,0.1<RLD<0.2,,,,,,1993,
B,3,5,,0.904494382,-0.284482759,,0.1<RLD<0.2,,,,,,1993,
B,4,5,,0.28030303,-0.101694915,,0.1<RLD<0.2,,,,,,1993,
B,4,5,,0.583333333,-0.288135593,,0.1<RLD<0.2,,,,,,1993,
B,4,5,,0.590909091,-0.457627119,,0.1<RLD<0.2,,,,,,1993,
B,4,5,,0.78030303,-0.211864407,,0.1<RLD<0.2,,,,,,1993,
B,4,5,,1.037878788,-0.254237288,,0.1<RLD<0.2,,,,,,1993,
B,4,5,,1.537878788,-0.288135593,,0.1<RLD<0.2,,,,,,1993,
B,4,5,,1.696969697,-0.279661017,,0.1<RLD<0.2,,,,,,1993,
B,4,5,,1.689393939,-0.754237288,,0.1<RLD<0.2,,,,,,1993,
B,4,5,,1.681818182,-0.957627119,,0.1<RLD<0.2,,,,,,1993,
B,5,5,,0.296226415,-0.103448276,,0.1<RLD<0.2,,,,,,1993,
B,5,5,,0.288679245,-0.301724138,,0.1<RLD<0.2,,,,,,1993,
B,5,5,,0.590566038,-0.517241379,,0.1<RLD<0.2,,,,,,1993,
B,5,5,,0.749056604,-0.310344828,,0.1<RLD<0.2,,,,,,1993,
B,5,5,,1.30754717,-0.810344828,,0.1<RLD<0.2,,,,,,1993,
B,5,5,,1.3,-0.655172414,,0.1<RLD<0.2,,,,,,1993,
B,5,5,,1.405660377,-0.094827586,,0.1<RLD<0.2,,,,,,1993,
B,5,5,,1.549056604,-0.301724138,,0.1<RLD<0.2,,,,,,1993,
B,5,5,,1.609433962,-0.405172414,,0.1<RLD<0.2,,,,,,1993,
B,5,5,,1.549056604,-0.862068966,,0.1<RLD<0.2,,,,,,1993,
B,5,5,,2.1,-0.267241379,,0.1<RLD<0.2,,,,,,1993,
B,5,5,,2.605660377,-0.155172414,,0.1<RLD<0.2,,,,,,1993,
B,5,5,,2.205660377,-0.706896552,,0.1<RLD<0.2,,,,,,1993,
B,5,6,,0.19924812,-0.717948718,,0.1<RLD<0.2,,,,,,1993,
B,5,6,,0.808270677,-0.358974359,,0.1<RLD<0.2,,,,,,1993,
B,5,6,,0.80075188,-0.572649573,,0.1<RLD<0.2,,,,,,1993,
B,5,6,,0.898496241,-0.111111111,,0.1<RLD<0.2,,,,,,1993,
B,5,6,,0.898496241,-0.897435897,,0.1<RLD<0.2,,,,,,1993,
B,5,6,,1.109022556,-0.153846154,,0.1<RLD<0.2,,,,,,1993,
B,5,6,,1.101503759,-0.658119658,,0.1<RLD<0.2,,,,,,1993,
B,5,6,,1.251879699,-0.170940171,,0.1<RLD<0.2,,,,,,1993,
B,5,6,,1.34962406,-0.256410256,,0.1<RLD<0.2,,,,,,1993,
B,5,6,,1.402255639,-0.256410256,,0.1<RLD<0.2,,,,,,1993,
B,5,6,,1.34962406,-0.615384615,,0.1<RLD<0.2,,,,,,1993,
B,5,6,,1.34962406,-0.811965812,,0.1<RLD<0.2,,,,,,1993,
B,5,6,,1.65037594,-0.170940171,,0.1<RLD<0.2,,,,,,1993,
B,5,6,,1.65037594,-0.564102564,,0.1<RLD<0.2,,,,,,1993,
B,5,6,,1.65037594,-0.863247863,,0.1<RLD<0.2,,,,,,1993,
B,5,6,,1.755639098,-0.111111111,,0.1<RLD<0.2,,,,,,1993,
B,5,6,,1.748120301,-0.213675214,,0.1<RLD<0.2,,,,,,1993,
B,5,6,,1.838345865,-0.358974359,,0.1<RLD<0.2,,,,,,1993,
B,5,6,,1.853383459,-0.461538462,,0.1<RLD<0.2,,,,,,1993,
B,5,6,,2.191729323,-0.102564103,,0.1<RLD<0.2,,,,,,1993,
B,5,6,,2.191729323,-0.273504274,,0.1<RLD<0.2,,,,,,1993,
B,5,6,,2.296992481,-0.717948718,,0.1<RLD<0.2,,,,,,1993,
B,5,6,,2.394736842,-0.709401709,,0.1<RLD<0.2,,,,,,1993,
B,5,7,,0.252808989,-0.094017094,,0.1<RLD<0.2,,,,,,1993,
B,5,7,,0.252808989,-0.897435897,,0.1<RLD<0.2,,,,,,1993,
B,5,7,,0.447565543,-0.094017094,,0.1<RLD<0.2,,,,,,1993,
B,5,7,,0.904494382,-0.094017094,,0.1<RLD<0.2,,,,,,1993,
B,5,7,,1.256554307,-0.094017094,,0.1<RLD<0.2,,,,,,1993,
B,5,7,,1.196629213,-0.341880342,,0.1<RLD<0.2,,,,,,1993,
B,5,7,,1.458801498,-0.538461538,,0.1<RLD<0.2,,,,,,1993,
B,5,7,,1.848314607,-0.153846154,,0.1<RLD<0.2,,,,,,1993,
B,5,7,,1.848314607,-0.700854701,,0.1<RLD<0.2,,,,,,1993,
B,5,7,,1.998127341,-0.299145299,,0.1<RLD<0.2,,,,,,1993,
B,5,7,,2.005617978,-0.803418803,,0.1<RLD<0.2,,,,,,1993,
B,5,8,,0.605263158,-0.457627119,,0.1<RLD<0.2,,,,,,1993,
B,5,8,,0.755639098,-0.449152542,,0.1<RLD<0.2,,,,,,1993,
B,5,8,,0.755639098,-0.101694915,,0.1<RLD<0.2,,,,,,1993,
B,5,8,,0.815789474,-0.101694915,,0.1<RLD<0.2,,,,,,1993,
B,5,8,,0.763157895,-0.661016949,,0.1<RLD<0.2,,,,,,1993,
B,5,8,,0.755639098,-0.762711864,,0.1<RLD<0.2,,,,,,1993,
B,5,8,,1.507518797,-0.542372881,,0.1<RLD<0.2,,,,,,1993,
B,5,8,,1.545112782,-0.516949153,,0.1<RLD<0.2,,,,,,1993,
B,5,8,,1.703007519,-0.296610169,,0.1<RLD<0.2,,,,,,1993,
B,5,8,,0.815789474,-0.203389831,,0.1<RLD<0.2,,,,,,1993,
B,2,5,,1.18164794,-0.163793103,,0.2<RLD,,,,,,1993,
B,3,5,,0.492509363,-0.137931034,,0.2<RLD,,,,,,1993,
B,3,5,,0.5,-0.293103448,,0.2<RLD,,,,,,1993,
B,4,5,,0.583333333,-0.144067797,,0.2<RLD,,,,,,1993,
B,4,5,,0.78030303,-0.101694915,,0.2<RLD,,,,,,1993,
B,4,5,,0.787878788,-0.406779661,,0.2<RLD,,,,,,1993,
B,4,5,,0.787878788,-0.601694915,,0.2<RLD,,,,,,1993,
B,5,5,,0.590566038,-0.146551724,,0.2<RLD,,,,,,1993,
B,5,5,,0.590566038,-0.310344828,,0.2<RLD,,,,,,1993,
B,5,5,,0.598113208,-0.603448276,,0.2<RLD,,,,,,1993,
B,5,5,,0.598113208,-0.862068966,,0.2<RLD,,,,,,1993,
B,5,5,,0.756603774,-0.155172414,,0.2<RLD,,,,,,1993,
B,5,5,,1.149056604,-0.155172414,,0.2<RLD,,,,,,1993,
B,5,5,,1.3,-0.103448276,,0.2<RLD,,,,,,1993,
B,5,5,,1.3,-0.344827586,,0.2<RLD,,,,,,1993,
B,5,5,,1.149056604,-0.5,,0.2<RLD,,,,,,1993,
B,5,5,,1.29245283,-0.922413793,,0.2<RLD,,,,,,1993,
B,5,5,,1.601886792,-0.267241379,,0.2<RLD,,,,,,1993,
B,5,5,,1.601886792,-0.612068966,,0.2<RLD,,,,,,1993,
B,5,6,,0.191729323,-0.316239316,,0.2<RLD,,,,,,1993,
B,5,6,,0.80075188,-0.914529915,,0.2<RLD,,,,,,1993,
B,5,6,,0.906015038,-0.564102564,,0.2<RLD,,,,,,1993,
B,5,6,,1.101503759,-0.264957265,,0.2<RLD,,,,,,1993,
B,5,6,,1.695488722,-0.358974359,,0.2<RLD,,,,,,1993,
B,5,6,,1.755639098,-0.666666667,,0.2<RLD,,,,,,1993,
B,5,6,,2.146616541,-0.153846154,,0.2<RLD,,,,,,1993,
B,5,6,,2.19924812,-0.222222222,,0.2<RLD,,,,,,1993,
B,5,6,,2.402255639,-0.153846154,,0.2<RLD,,,,,,1993,
B,5,6,,2.402255639,-0.307692308,,0.2<RLD,,,,,,1993,
B,5,6,,2.402255639,-0.512820513,,0.2<RLD,,,,,,1993,
B,5,7,,0.252808989,-0.239316239,,0.2<RLD,,,,,,1993,
B,5,7,,1.458801498,-0.299145299,,0.2<RLD,,,,,,1993,
B,5,7,,1.451310861,-0.752136752,,0.2<RLD,,,,,,1993,
B,5,7,,2.005617978,-0.153846154,,0.2<RLD,,,,,,1993,
B,5,7,,2.013108614,-0.606837607,,0.2<RLD,,,,,,1993,
B,5,8,,0.605263158,-0.161016949,,0.2<RLD,,,,,,1993,
B,5,8,,0.815789474,-0.466101695,,0.2<RLD,,,,,,1993,
B,5,8,,1.567669173,-0.161016949,,0.2<RLD,,,,,,1993,
B,5,8,,1.560150376,-0.305084746,,0.2<RLD,,,,,,1993,
B,5,8,,1.710526316,-0.101694915,,0.2<RLD,,,,,,1993,
B,5,8,,1.815789474,-0.152542373,,0.2<RLD,,,,,,1993,
B,5,8,,1.808270677,-0.610169492,,0.2<RLD,,,,,,1993,
B,1,5,0.120535714,0.6,-0.147301587,,,,,,,,1997,
B,1,5,0.1375,0.6,-0.29968254,,,,,,,,1997,
B,1,5,0.072321429,0.6,-0.444444444,,,,,,,,1997,
B,1,5,0.030357143,0.6,-0.596825397,,,,,,,,1997,
B,1,5,0.009821429,0.6,-0.749206349,,,,,,,,1997,
B,1,5,0.025,0.6,-0.901587302,,,,,,,,1997,
B,1,5,0.125,1.2,-0.144761905,,,,,,,,1997,
B,1,5,0.058928571,1.2,-0.297142857,,,,,,,,1997,
B,1,5,0.059821429,1.2,-0.446984127,,,,,,,,1997,
B,1,5,0.059821429,1.2,-0.596825397,,,,,,,,1997,
B,1,5,0.026785714,1.2,-0.899047619,,,,,,,,1997,
B,1,5,0.03125,1.8,-0.147301587,,,,,,,,1997,
B,1,5,0.021428571,1.8,-0.297142857,,,,,,,,1997,
B,1,5,0.015178571,1.8,-0.444444444,,,,,,,,1997,
B,1,5,0.00625,1.8,-0.596825397,,,,,,,,1997,
B,1,5,0.003571429,1.8,-0.749206349,,,,,,,,1997,
B,1,5,0.003571429,1.8,-0.899047619,,,,,,,,1997,
B,3,5,0.207142857,0.6,-0.144101124,,,,,,,,1997,
B,3,5,0.19375,0.6,-0.295786517,,,,,,,,1997,
B,3,5,0.180357143,0.6,-0.44747191,,,,,,,,1997,
B,3,5,0.073214286,0.6,-0.599157303,,,,,,,,1997,
B,3,5,0.014285714,0.6,-0.748314607,,,,,,,,1997,
B,3,5,0.008035714,0.6,-0.9,,,,,,,,1997,
B,3,5,0.016964286,1.2,-0.144101124,,,,,,,,1997,
B,3,5,0.066964286,1.2,-0.295786517,,,,,,,,1997,
B,3,5,0.01875,1.2,-0.44747191,,,,,,,,1997,
B,3,5,0.008035714,1.2,-0.750842697,,,,,,,,1997,
B,3,5,0.022321429,1.2,-0.89747191,,,,,,,,1997,
B,3,5,0.009821429,1.8,-0.146629213,,,,,,,,1997,
B,3,5,0.04375,1.8,-0.295786517,,,,,,,,1997,
B,3,5,0.013392857,1.8,-0.44494382,,,,,,,,1997,
B,3,5,0.028571429,1.8,-0.750842697,,,,,,,,1997,
B,3,5,0.032142857,1.8,-0.89494382,,,,,,,,1997,
B,3,5,0,1.8,-0.596629213,,,,,,,,1997,
B,5,5,0.124550898,0.6,-0.149367089,,,,,,,,1997,
B,5,5,0.129041916,0.6,-0.298734177,,,,,,,,1997,
B,5,5,0.149700599,0.6,-0.6,,,,,,,,1997,
B,5,5,0.109281437,0.6,-0.901265823,,,,,,,,1997,
B,5,5,0.071556886,0.6,-0.44556962,,,,,,,,1997,
B,5,5,0.025748503,0.6,-0.749367089,,,,,,,,1997,
B,5,5,0.140718563,1.2,-0.146835443,,,,,,,,1997,
B,5,5,0.148802395,1.2,-0.298734177,,,,,,,,1997,
B,5,5,0.106586826,1.2,-0.44556962,,,,,,,,1997,
B,5,5,0.082335329,1.2,-0.6,,,,,,,,1997,
B,5,5,0.039221557,1.2,-0.749367089,,,,,,,,1997,
B,5,5,0.099401198,1.2,-0.898734177,,,,,,,,1997,
B,5,5,0.061676647,1.8,-0.151898734,,,,,,,,1997,
B,5,5,0.133532934,1.8,-0.301265823,,,,,,,,1997,
B,5,5,0.058083832,1.8,-0.448101266,,,,,,,,1997,
B,5,5,0.111976048,1.8,-0.597468354,,,,,,,,1997,
B,5,5,0.021257485,1.8,-0.749367089,,,,,,,,1997,
B,5,5,0.049101796,1.8,-0.896202532,,,,,,,,1997,
B,7,5,0.181531532,0.6,-0.150127226,,,,,,,,1997,
B,7,5,0.12027027,0.6,-0.44783715,,,,,,,,1997,
B,7,5,0.057207207,0.6,-0.600508906,,,,,,,,1997,
B,7,5,0.071621622,0.6,-0.750636132,,,,,,,,1997,
B,7,5,0.018468468,0.6,-0.297709924,,,,,,,,1997,
B,7,5,0.018468468,0.6,-0.903307888,,,,,,,,1997,
B,7,5,0.164414414,1.2,-0.297709924,,,,,,,,1997,
B,7,5,0.122072072,1.2,-0.753180662,,,,,,,,1997,
B,7,5,0.075225225,1.2,-0.600508906,,,,,,,,1997,
B,7,5,0.037387387,1.2,-0.44783715,,,,,,,,1997,
B,7,5,0.067117117,1.2,-0.147582697,,,,,,,,1997,
B,7,5,0.02027027,1.2,-0.905852417,,,,,,,,1997,
B,7,5,0.24009009,1.8,-0.145038168,,,,,,,,1997,
B,7,5,0.225675676,1.8,-0.295165394,,,,,,,,1997,
B,7,5,0.187837838,1.8,-0.600508906,,,,,,,,1997,
B,7,5,0.083333333,1.8,-0.753180662,,,,,,,,1997,
B,7,5,0.053603604,1.8,-0.900763359,,,,,,,,1997,
B,7,5,0.045495495,1.8,-0.445292621,,,,,,,,1997,
B,1,9,0.67167382,0.75,-0.122807018,,,,,,,,1997,
B,1,9,0.221030043,0.75,-0.518796992,,,,,,,,1997,
B,1,9,0.092274678,0.75,-0.922305764,,,,,,,,1997,
B,1,9,0.553648069,0.75,-0.323308271,,,,,,,,1997,
B,1,9,0.199570815,0.75,-0.726817043,,,,,,,,1997,
B,1,9,0.778969957,1.5,-0.127819549,,,,,,,,1997,within row
B,1,9,0.521459227,1.5,-0.323308271,,,,,,,,1997,within row
B,1,9,0.403433476,1.5,-0.521303258,,,,,,,,1997,within row
B,1,9,0.178111588,1.5,-0.724310777,,,,,,,,1997,within row
B,1,9,0.296137339,1.5,-0.92481203,,,,,,,,1997,within row
B,1,9,1.819742489,1.5,-0.125313283,,,,,,,,1997,between row
B,1,9,1.057939914,1.5,-0.323308271,,,,,,,,1997,between row
B,1,9,0.693133047,1.5,-0.518796992,,,,,,,,1997,between row
B,1,9,0.403433476,1.5,-0.724310777,,,,,,,,1997,between row
B,1,9,0.231759657,1.5,-0.92481203,,,,,,,,1997,between row
B,1,9,2.796137339,2.25,-0.122807018,,,,,,,,1997,
B,1,9,1.519313305,2.25,-0.323308271,,,,,,,,1997,
B,1,9,0.950643777,2.25,-0.518796992,,,,,,,,1997,
B,1,9,0.113733906,2.25,-0.92481203,,,,,,,,1997,
B,3,9,0.404255319,0.75,-0.123115578,,,,,,,,1997,
B,3,9,0.531914894,0.75,-0.329145729,,,,,,,,1997,
B,3,9,0.159574468,0.75,-0.527638191,,,,,,,,1997,
B,3,9,0.117021277,0.75,-0.726130653,,,,,,,,1997,
B,3,9,0.106382979,0.75,-0.929648241,,,,,,,,1997,
B,3,9,2.319148936,1.5,-0.125628141,,,,,,,,1997,between row
B,3,9,1.521276596,1.5,-0.324120603,,,,,,,,1997,between row
B,3,9,0.776595745,1.5,-0.525125628,,,,,,,,1997,between row
B,3,9,0.436170213,1.5,-0.728643216,,,,,,,,1997,between row
B,3,9,0.159574468,1.5,-0.932160804,,,,,,,,1997,between row
B,5,9,0.692307692,0.75,-0.123425693,,,,,,,,1997,
B,5,9,0.19017094,0.75,-0.725440806,,,,,,,,1997,
B,5,9,0.222222222,0.75,-0.926952141,,,,,,,,1997,
B,5,9,0.232905983,0.75,-0.523929471,,,,,,,,1997,
B,5,9,0.777777778,1.5,-0.123425693,,,,,,,,1997,within row
B,5,9,0.692307692,1.5,-0.322418136,,,,,,,,1997,within row
B,5,9,0.275641026,1.5,-0.523929471,,,,,,,,1997,within row
B,5,9,0.072649573,1.5,-0.725440806,,,,,,,,1997,within row
B,5,9,0.126068376,1.5,-0.924433249,,,,,,,,1997,within row
B,5,9,1.215811966,1.5,-0.123425693,,,,,,,,1997,between row
B,5,9,0.841880342,1.5,-0.324937028,,,,,,,,1997,between row
B,5,9,0.542735043,1.5,-0.523929471,,,,,,,,1997,between row
B,5,9,0.286324786,1.5,-0.725440806,,,,,,,,1997,between row
B,5,9,0.211538462,1.5,-0.924433249,,,,,,,,1997,between row
B,5,9,2.05982906,2.25,-0.120906801,,,,,,,,1997,
B,5,9,1.002136752,2.25,-0.322418136,,,,,,,,1997,
B,5,9,0.617521368,2.25,-0.521410579,,,,,,,,1997,
B,5,9,0.33974359,2.25,-0.722921914,,,,,,,,1997,
B,5,9,0.275641026,2.25,-0.926952141,,,,,,,,1997,
B,7,9,0.670940171,0.75,-0.123115578,,,,,,,,1997,
B,7,9,1.247863248,0.75,-0.324120603,,,,,,,,1997,
B,7,9,0.617521368,0.75,-0.525125628,,,,,,,,1997,
B,7,9,0.361111111,0.75,-0.726130653,,,,,,,,1997,
B,7,9,0.532051282,0.75,-0.922110553,,,,,,,,1997,
B,7,9,1.429487179,1.5,-0.123115578,,,,,,,,1997,between row
B,7,9,1.194444444,1.5,-0.324120603,,,,,,,,1997,between row
B,7,9,0.713675214,1.5,-0.525125628,,,,,,,,1997,between row
B,7,9,0.5,1.5,-0.721105528,,,,,,,,1997,between row
B,7,9,0.574786325,1.5,-0.924623116,,,,,,,,1997,between row
